Timestamp,County_x,Code,DEM,REP,IND,NPA,OTHER,DEM VBM,DEM EV,DEM ED,REP VBM,REP EV,REP ED,NPA VBM,NPA EV,NPA ED,OTHER VBM,OTHER EV,OTHER ED,TOTAL,DEM %,REP %,D Raw Margin,R Raw Margin,Diff,Signed Margin,Leader,Rating,DEM New,REP New,IND New,NPA New,OTHER New,Total New,Margin Move,Rating Change,Rating Move,Margin Diff,County_y,Last Updated
"Updated at August 20th, 2026 at 4:06am",Alachua,ALA,25637,14440,398,4131,177,0.0,0.0,0.0,0.0,0.0,0.0,0.0,0.0,0.0,0.0,0.0,0.0,44783,0.6396935898395588,0.3603064101604411,11197,-11197,0.2793871796791177,0.2793871796791177,D,Safe,0,0,0,0,0,0,0.0,No,,No change,Alachua,"Updated at August 20th, 2026 at 4:06am"
"Updated at August 20th, 2026 at 4:06am",Baker,BAK,803,5206,23,229,23,0.0,0.0,0.0,0.0,0.0,0.0,0.0,0.0,0.0,0.0,0.0,0.0,6284,0.13363288400732234,0.8663671159926777,-4403,4403,0.7327342319853554,-0.7327342319853554,R,Safe,0,0,0,0,0,0,0.0,No,,No change,Baker,"Updated at August 20th, 2026 at 4:06am"
"Updated at August 20th, 2026 at 4:06am",Bay,BAY,6503,24581,258,2024,121,0.0,0.0,0.0,0.0,0.0,0.0,0.0,0.0,0.0,0.0,0.0,0.0,33487,0.20920730922661177,0.7907926907733882,-18078,18078,0.5815853815467764,-0.5815853815467764,R,Safe,0,0,0,0,0,0,0.0,No,,No change,Bay,"Updated at August 20th, 2026 at 4:06am"
"Updated at August 20th, 2026 at 4:06am",Bradford,BRA,820,3746,7,58,3,0.0,0.0,0.0,0.0,0.0,0.0,0.0,0.0,0.0,0.0,0.0,0.0,4634,0.17958826106000875,0.8204117389399912,-2926,2926,0.6408234778799824,-0.6408234778799824,R,Safe,0,0,0,0,0,0,0.0,No,,No change,Bradford,"Updated at August 20th, 2026 at 4:06am"
"Updated at August 20th, 2026 at 4:06am",Brevard,BRE,36711,67938,1358,11173,370,0.0,0.0,0.0,0.0,0.0,0.0,0.0,0.0,0.0,0.0,0.0,0.0,117550,0.3508012498924978,0.6491987501075023,-31227,31227,0.2983975002150045,-0.2983975002150045,R,Safe,0,0,0,0,0,0,0.0,No,,No change,Brevard,"Updated at August 20th, 2026 at 4:06am"
"Updated at August 20th, 2026 at 4:06am",Broward,BRO,138661,58144,0,23685,2406,52259.0,41057.0,45345.0,14848.0,15375.0,27921.0,10138.0,4627.0,8920.0,921.0,492.0,993.0,222896,0.7045603516170829,0.2954396483829171,80517,-80517,0.4091207032341658,0.4091207032341658,D,Safe,138661,58144,0,23685,2406,222896,0.4091207032341658,Yes,Toss Up R → Safe D,+40.91% toward Democrats,Broward,"Updated at August 20th, 2026 at 4:06am"
"Updated at August 20th, 2026 at 4:06am",Calhoun,CAL,660,2378,2,101,3,0.0,0.0,0.0,0.0,0.0,0.0,0.0,0.0,0.0,0.0,0.0,0.0,3144,0.21724818959842002,0.78275181040158,-1718,1718,0.5655036208031601,-0.5655036208031601,R,Safe,0,0,0,0,0,0,0.0,No,,No change,Calhoun,"Updated at August 20th, 2026 at 4:06am"
"Updated at August 20th, 2026 at 4:06am",Charlotte,CHA,10495,27999,635,4254,148,0.0,0.0,0.0,0.0,0.0,0.0,0.0,0.0,0.0,0.0,0.0,0.0,43531,0.2726398919312101,0.7273601080687899,-17504,17504,0.45472021613757985,-0.45472021613757985,R,Safe,0,0,0,0,0,0,0.0,No,,-0.00% toward Republicans,Charlotte,"Updated at August 20th, 2026 at 4:06am"
"Updated at August 20th, 2026 at 4:06am",Citrus,CIT,8000,27556,589,3959,158,0.0,0.0,0.0,0.0,0.0,0.0,0.0,0.0,0.0,0.0,0.0,0.0,40262,0.22499718753515582,0.7750028124648441,-19556,19556,0.5500056249296883,-0.5500056249296883,R,Safe,0,0,0,0,0,0,0.0,No,,No change,Citrus,"Updated at August 20th, 2026 at 4:06am"
"Updated at August 20th, 2026 at 4:06am",Clay,CLA,8277,27901,258,2357,132,0.0,0.0,0.0,0.0,0.0,0.0,0.0,0.0,0.0,0.0,0.0,0.0,38925,0.22878544972082482,0.7712145502791752,-19624,19624,0.5424291005583504,-0.5424291005583504,R,Safe,0,0,0,0,0,0,0.0,No,,No change,Clay,"Updated at August 20th, 2026 at 4:06am"
"Updated at August 20th, 2026 at 4:06am",Collier,CLL,14862,47387,646,6117,169,0.0,0.0,0.0,0.0,0.0,0.0,0.0,0.0,0.0,0.0,0.0,0.0,69181,0.2387508233063985,0.7612491766936015,-32525,32525,0.522498353387203,-0.522498353387203,R,Safe,0,0,0,0,0,0,0.0,No,,No change,Collier,"Updated at August 20th, 2026 at 4:06am"
"Updated at August 20th, 2026 at 4:06am",Columbia,CLM,3144,9068,73,722,46,0.0,0.0,0.0,0.0,0.0,0.0,0.0,0.0,0.0,0.0,0.0,0.0,13053,0.25745168686537834,0.7425483131346217,-5924,5924,0.4850966262692433,-0.4850966262692433,R,Safe,0,0,0,0,0,0,0.0,No,,No change,Columbia,"Updated at August 20th, 2026 at 4:06am"
"Updated at August 20th, 2026 at 4:06am",DeSoto,DES,941,2476,0,0,0,0.0,0.0,0.0,0.0,0.0,0.0,0.0,0.0,0.0,0.0,0.0,0.0,3417,0.27538776704711737,0.7246122329528827,-1535,1535,0.4492244659057653,-0.4492244659057653,R,Safe,0,0,0,0,0,0,0.0,No,,No change,DeSoto,"Updated at August 20th, 2026 at 4:06am"
"Updated at August 20th, 2026 at 4:06am",Dixie,DIX,673,3440,25,272,14,0.0,0.0,0.0,0.0,0.0,0.0,0.0,0.0,0.0,0.0,0.0,0.0,4424,0.16362752248966692,0.8363724775103331,-2767,2767,0.6727449550206661,-0.6727449550206661,R,Safe,0,0,0,0,0,0,0.0,No,,No change,Dixie,"Updated at August 20th, 2026 at 4:06am"
"Updated at August 20th, 2026 at 4:06am",Duval,DUV,69081,68791,1229,11142,563,0.0,0.0,0.0,0.0,0.0,0.0,0.0,0.0,0.0,0.0,0.0,0.0,150806,0.5010517001276547,0.49894829987234535,290,-290,0.0021034002553093067,0.0021034002553093067,D,Toss Up,0,0,0,0,0,0,0.0,No,,+0.00% toward Democrats,Duval,"Updated at August 20th, 2026 at 4:06am"
"Updated at August 20th, 2026 at 4:06am",Escambia,ESC,18121,32507,508,4249,201,0.0,0.0,0.0,0.0,0.0,0.0,0.0,0.0,0.0,0.0,0.0,0.0,55586,0.35792446867346134,0.6420755313265387,-14386,14386,0.2841510626530774,-0.2841510626530774,R,Safe,0,0,0,0,0,0,0.0,No,,No change,Escambia,"Updated at August 20th, 2026 at 4:06am"
"Updated at August 20th, 2026 at 4:06am",Flagler,FLA,8954,17494,295,2778,102,0.0,0.0,0.0,0.0,0.0,0.0,0.0,0.0,0.0,0.0,0.0,0.0,29623,0.3385511191772535,0.6614488808227466,-8540,8540,0.32289776164549305,-0.32289776164549305,R,Safe,0,0,0,0,0,0,0.0,No,,-0.00% toward Republicans,Flagler,"Updated at August 20th, 2026 at 4:06am"
"Updated at August 20th, 2026 at 4:06am",Franklin,FRA,755,1657,32,161,6,0.0,0.0,0.0,0.0,0.0,0.0,0.0,0.0,0.0,0.0,0.0,0.0,2611,0.3130182421227197,0.6869817578772802,-902,902,0.3739635157545605,-0.3739635157545605,R,Safe,0,0,0,0,0,0,0.0,No,,No change,Franklin,"Updated at August 20th, 2026 at 4:06am"
"Updated at August 20th, 2026 at 4:06am",Gadsden,GAD,7012,2285,25,338,25,0.0,0.0,0.0,0.0,0.0,0.0,0.0,0.0,0.0,0.0,0.0,0.0,9685,0.7542217919759062,0.24577820802409378,4727,-4727,0.5084435839518124,0.5084435839518124,D,Safe,0,0,0,0,0,0,0.0,No,,No change,Gadsden,"Updated at August 20th, 2026 at 4:06am"
"Updated at August 20th, 2026 at 4:06am",Gilchrist,GIL,578,4022,45,215,15,0.0,0.0,0.0,0.0,0.0,0.0,0.0,0.0,0.0,0.0,0.0,0.0,4875,0.12565217391304348,0.8743478260869565,-3444,3444,0.748695652173913,-0.748695652173913,R,Safe,0,0,0,0,0,0,0.0,No,,No change,Gilchrist,"Updated at August 20th, 2026 at 4:06am"
"Updated at August 20th, 2026 at 4:06am",Glades,GLA,491,1668,21,156,7,0.0,0.0,0.0,0.0,0.0,0.0,0.0,0.0,0.0,0.0,0.0,0.0,2343,0.22742010189902734,0.7725798981009727,-1177,1177,0.5451597962019454,-0.5451597962019454,R,Safe,0,0,0,0,0,0,0.0,No,,No change,Glades,"Updated at August 20th, 2026 at 4:06am"
"Updated at August 20th, 2026 at 4:06am",Gulf,GUL,845,3139,14,53,5,0.0,0.0,0.0,0.0,0.0,0.0,0.0,0.0,0.0,0.0,0.0,0.0,4056,0.2120983935742972,0.7879016064257028,-2294,2294,0.5758032128514057,-0.5758032128514057,R,Safe,0,0,0,0,0,0,0.0,No,,No change,Gulf,"Updated at August 20th, 2026 at 4:06am"
"Updated at August 20th, 2026 at 4:06am",Hamilton,HAM,761,1654,14,73,9,0.0,0.0,0.0,0.0,0.0,0.0,0.0,0.0,0.0,0.0,0.0,0.0,2511,0.3151138716356108,0.6848861283643892,-893,893,0.36977225672877845,-0.36977225672877845,R,Safe,0,0,0,0,0,0,0.0,No,,-0.00% toward Republicans,Hamilton,"Updated at August 20th, 2026 at 4:06am"
"Updated at August 20th, 2026 at 4:06am",Hardee,HAR,570,2381,13,113,15,0.0,0.0,0.0,0.0,0.0,0.0,0.0,0.0,0.0,0.0,0.0,0.0,3092,0.19315486275838697,0.806845137241613,-1811,1811,0.613690274483226,-0.613690274483226,R,Safe,0,0,0,0,0,0,0.0,No,,No change,Hardee,"Updated at August 20th, 2026 at 4:06am"
"Updated at August 20th, 2026 at 4:06am",Hendry,HEN,1358,3238,31,363,22,0.0,0.0,0.0,0.0,0.0,0.0,0.0,0.0,0.0,0.0,0.0,0.0,5012,0.2954743255004352,0.7045256744995648,-1880,1880,0.40905134899912965,-0.40905134899912965,R,Safe,0,0,0,0,0,0,0.0,No,,-0.00% toward Republicans,Hendry,"Updated at August 20th, 2026 at 4:06am"
"Updated at August 20th, 2026 at 4:06am",Hernando,HER,10062,23470,419,3714,145,0.0,0.0,0.0,0.0,0.0,0.0,0.0,0.0,0.0,0.0,0.0,0.0,37810,0.3000715734224025,0.6999284265775976,-13408,13408,0.3998568531551951,-0.3998568531551951,R,Safe,0,0,0,0,0,0,0.0,No,,No change,Hernando,"Updated at August 20th, 2026 at 4:06am"
"Updated at August 20th, 2026 at 4:06am",Highlands,HIG,3435,12070,162,1259,67,0.0,0.0,0.0,0.0,0.0,0.0,0.0,0.0,0.0,0.0,0.0,0.0,16993,0.2215414382457272,0.7784585617542729,-8635,8635,0.5569171235085457,-0.5569171235085457,R,Safe,0,0,0,0,0,0,0.0,No,,No change,Highlands,"Updated at August 20th, 2026 at 4:06am"
"Updated at August 20th, 2026 at 4:06am",Hillsborough,HIL,87003,93003,2188,23498,677,0.0,0.0,0.0,0.0,0.0,0.0,0.0,0.0,0.0,0.0,0.0,0.0,206369,0.483333888870371,0.516666111129629,-6000,6000,0.033332222259258026,-0.033332222259258026,R,Lean,0,0,0,0,0,0,0.0,No,,-0.00% toward Republicans,Hillsborough,"Updated at August 20th, 2026 at 4:06am"
"Updated at August 20th, 2026 at 4:06am",Holmes,HOL,447,3426,10,132,8,0.0,0.0,0.0,0.0,0.0,0.0,0.0,0.0,0.0,0.0,0.0,0.0,4023,0.11541440743609604,0.8845855925639039,-2979,2979,0.7691711851278078,-0.7691711851278078,R,Safe,0,0,0,0,0,0,0.0,No,,No change,Holmes,"Updated at August 20th, 2026 at 4:06am"
"Updated at August 20th, 2026 at 4:06am",Indian River,IND,8956,22297,372,2558,94,0.0,0.0,0.0,0.0,0.0,0.0,0.0,0.0,0.0,0.0,0.0,0.0,34277,0.28656448980897836,0.7134355101910217,-13341,13341,0.42687102038204333,-0.42687102038204333,R,Safe,0,0,0,0,0,0,0.0,No,,-0.00% toward Republicans,Indian River,"Updated at August 20th, 2026 at 4:06am"
"Updated at August 20th, 2026 at 4:06am",Jackson,JAC,2495,6242,14,112,15,0.0,0.0,0.0,0.0,0.0,0.0,0.0,0.0,0.0,0.0,0.0,0.0,8878,0.28556712830491016,0.7144328716950898,-3747,3747,0.4288657433901797,-0.4288657433901797,R,Safe,0,0,0,0,0,0,0.0,No,,No change,Jackson,"Updated at August 20th, 2026 at 4:06am"
"Updated at August 20th, 2026 at 4:06am",Jefferson,JEF,1751,2278,21,136,5,0.0,0.0,0.0,0.0,0.0,0.0,0.0,0.0,0.0,0.0,0.0,0.0,4191,0.4345991561181435,0.5654008438818565,-527,527,0.13080168776371304,-0.13080168776371304,R,Likely,0,0,0,0,0,0,0.0,No,,-0.00% toward Republicans,Jefferson,"Updated at August 20th, 2026 at 4:06am"
"Updated at August 20th, 2026 at 4:06am",Lafayette,LAF,245,1681,3,25,2,0.0,0.0,0.0,0.0,0.0,0.0,0.0,0.0,0.0,0.0,0.0,0.0,1956,0.1272066458982347,0.8727933541017653,-1436,1436,0.7455867082035306,-0.7455867082035306,R,Safe,0,0,0,0,0,0,0.0,No,,No change,Lafayette,"Updated at August 20th, 2026 at 4:06am"
"Updated at August 20th, 2026 at 4:06am",Lake,LAK,12118,17947,344,3401,67,0.0,0.0,0.0,0.0,0.0,0.0,0.0,0.0,0.0,0.0,0.0,0.0,33877,0.403060036587394,0.596939963412606,-5829,5829,0.19387992682521205,-0.19387992682521205,R,Safe,0,0,0,0,0,0,0.0,No,,-0.00% toward Republicans,Lake,"Updated at August 20th, 2026 at 4:06am"
"Updated at August 20th, 2026 at 4:06am",Lee,LEE,36590,84691,1785,17798,432,0.0,0.0,0.0,0.0,0.0,0.0,0.0,0.0,0.0,0.0,0.0,0.0,141296,0.30169606121321557,0.6983039387867844,-48101,48101,0.39660787757356886,-0.39660787757356886,R,Safe,0,0,0,0,0,0,0.0,No,,-0.00% toward Republicans,Lee,"Updated at August 20th, 2026 at 4:06am"
"Updated at August 20th, 2026 at 4:06am",Leon,LEO,39730,22777,673,7150,231,0.0,0.0,0.0,0.0,0.0,0.0,0.0,0.0,0.0,0.0,0.0,0.0,70561,0.6356088118130769,0.36439118818692307,16953,-16953,0.27121762362615387,0.27121762362615387,D,Safe,0,0,0,0,0,0,0.0,No,,+0.00% toward Democrats,Leon,"Updated at August 20th, 2026 at 4:06am"
"Updated at August 20th, 2026 at 4:06am",Levy,LEV,1937,7105,77,466,50,0.0,0.0,0.0,0.0,0.0,0.0,0.0,0.0,0.0,0.0,0.0,0.0,9635,0.21422251714222518,0.7857774828577748,-5168,5168,0.5715549657155496,-0.5715549657155496,R,Safe,0,0,0,0,0,0,0.0,No,,No change,Levy,"Updated at August 20th, 2026 at 4:06am"
"Updated at August 20th, 2026 at 4:06am",Liberty,LIB,442,1644,0,89,3,0.0,0.0,0.0,0.0,0.0,0.0,0.0,0.0,0.0,0.0,0.0,0.0,2178,0.21188878235858102,0.788111217641419,-1202,1202,0.576222435282838,-0.576222435282838,R,Safe,0,0,0,0,0,0,0.0,No,,No change,Liberty,"Updated at August 20th, 2026 at 4:06am"
"Updated at August 20th, 2026 at 4:06am",Madison,MAD,1314,2516,8,132,7,0.0,0.0,0.0,0.0,0.0,0.0,0.0,0.0,0.0,0.0,0.0,0.0,3977,0.34308093994778066,0.6569190600522193,-1202,1202,0.3138381201044387,-0.3138381201044387,R,Safe,0,0,0,0,0,0,0.0,No,,No change,Madison,"Updated at August 20th, 2026 at 4:06am"
"Updated at August 20th, 2026 at 4:06am",Manatee,MAN,22532,46121,274,2531,55,0.0,0.0,0.0,0.0,0.0,0.0,0.0,0.0,0.0,0.0,0.0,0.0,71513,0.3282012439369001,0.6717987560630999,-23589,23589,0.3435975121261998,-0.3435975121261998,R,Safe,0,0,0,0,0,0,0.0,No,,No change,Manatee,"Updated at August 20th, 2026 at 4:06am"
"Updated at August 20th, 2026 at 4:06am",Marion,MRN,19677,46609,667,4720,219,0.0,0.0,0.0,0.0,0.0,0.0,0.0,0.0,0.0,0.0,0.0,0.0,71892,0.29685001357752766,0.7031499864224723,-26932,26932,0.4062999728449446,-0.4062999728449446,R,Safe,0,0,0,0,0,0,0.0,No,,No change,Marion,"Updated at August 20th, 2026 at 4:06am"
"Updated at August 20th, 2026 at 4:06am",Martin,MRT,8976,21036,457,2888,99,0.0,0.0,0.0,0.0,0.0,0.0,0.0,0.0,0.0,0.0,0.0,0.0,33456,0.29908036785285885,0.7009196321471411,-12060,12060,0.4018392642942823,-0.4018392642942823,R,Safe,0,0,0,0,0,0,0.0,No,,No change,Martin,"Updated at August 20th, 2026 at 4:06am"
"Updated at August 20th, 2026 at 4:06am",Miami-Dade,DAD,114534,92027,2331,35078,419,0.0,0.0,0.0,0.0,0.0,0.0,0.0,0.0,0.0,0.0,0.0,0.0,244389,0.5544802745920091,0.44551972540799084,22507,-22507,0.10896054918401826,0.10896054918401826,D,Likely,0,0,0,0,0,0,0.0,No,,+0.00% toward Democrats,Miami-Dade,"Updated at August 20th, 2026 at 4:06am"
"Updated at August 20th, 2026 at 4:06am",Monroe,MON,6644,8234,270,2357,106,0.0,0.0,0.0,0.0,0.0,0.0,0.0,0.0,0.0,0.0,0.0,0.0,17611,0.4465653985750773,0.5534346014249227,-1590,1590,0.10686920284984541,-0.10686920284984541,R,Likely,0,0,0,0,0,0,0.0,No,,-0.00% toward Republicans,Monroe,"Updated at August 20th, 2026 at 4:06am"
"Updated at August 20th, 2026 at 4:06am",Nassau,NAS,4836,16991,363,2290,108,0.0,0.0,0.0,0.0,0.0,0.0,0.0,0.0,0.0,0.0,0.0,0.0,24588,0.22156045265038712,0.7784395473496128,-12155,12155,0.5568790946992257,-0.5568790946992257,R,Safe,0,0,0,0,0,0,0.0,No,,No change,Nassau,"Updated at August 20th, 2026 at 4:06am"
"Updated at August 20th, 2026 at 4:06am",Okaloosa,OKA,5659,24265,214,1739,88,0.0,0.0,0.0,0.0,0.0,0.0,0.0,0.0,0.0,0.0,0.0,0.0,31965,0.189112418125919,0.810887581874081,-18606,18606,0.6217751637481621,-0.6217751637481621,R,Safe,0,0,0,0,0,0,0.0,No,,No change,Okaloosa,"Updated at August 20th, 2026 at 4:06am"
"Updated at August 20th, 2026 at 4:06am",Okeechobee,OKE,829,3818,0,0,0,0.0,0.0,0.0,0.0,0.0,0.0,0.0,0.0,0.0,0.0,0.0,0.0,4647,0.1783946632235851,0.8216053367764149,-2989,2989,0.6432106735528298,-0.6432106735528298,R,Safe,0,0,0,0,0,0,0.0,No,,No change,Okeechobee,"Updated at August 20th, 2026 at 4:06am"
"Updated at August 20th, 2026 at 4:06am",Orange,ORA,91080,61999,2079,24469,797,0.0,0.0,0.0,0.0,0.0,0.0,0.0,0.0,0.0,0.0,0.0,0.0,180424,0.5949869021877593,0.40501309781224076,29081,-29081,0.18997380437551853,0.18997380437551853,D,Safe,0,0,0,0,0,0,0.0,No,,+0.00% toward Democrats,Orange,"Updated at August 20th, 2026 at 4:06am"
"Updated at August 20th, 2026 at 4:06am",Osceola,OSC,18382,17089,408,5767,210,0.0,0.0,0.0,0.0,0.0,0.0,0.0,0.0,0.0,0.0,0.0,0.0,41856,0.5182261565786135,0.48177384342138646,1293,-1293,0.03645231315722702,0.03645231315722702,D,Lean,0,0,0,0,0,0,0.0,No,,+0.00% toward Democrats,Osceola,"Updated at August 20th, 2026 at 4:06am"
"Updated at August 20th, 2026 at 4:06am",Palm Beach,PAL,105803,82981,2484,20797,483,0.0,0.0,0.0,0.0,0.0,0.0,0.0,0.0,0.0,0.0,0.0,0.0,212548,0.5604447410797525,0.4395552589202475,22822,-22822,0.12088948215950501,0.12088948215950501,D,Likely,0,0,0,0,0,0,0.0,No,,+0.00% toward Democrats,Palm Beach,"Updated at August 20th, 2026 at 4:06am"
"Updated at August 20th, 2026 at 4:06am",Pasco,PAS,27318,49286,913,8226,310,0.0,0.0,0.0,0.0,0.0,0.0,0.0,0.0,0.0,0.0,0.0,0.0,86053,0.3566132316850295,0.6433867683149705,-21968,21968,0.28677353662994104,-0.28677353662994104,R,Safe,0,0,0,0,0,0,0.0,No,,-0.00% toward Republicans,Pasco,"Updated at August 20th, 2026 at 4:06am"
"Updated at August 20th, 2026 at 4:06am",Pinellas,PIN,78157,84501,2388,25813,738,0.0,0.0,0.0,0.0,0.0,0.0,0.0,0.0,0.0,0.0,0.0,0.0,191597,0.4804989610102178,0.5195010389897823,-6344,6344,0.03900207797956451,-0.03900207797956451,R,Lean,0,0,0,0,0,0,0.0,No,,-0.00% toward Republicans,Pinellas,"Updated at August 20th, 2026 at 4:06am"
"Updated at August 20th, 2026 at 4:06am",Polk,POL,31998,53698,950,7829,314,0.0,0.0,0.0,0.0,0.0,0.0,0.0,0.0,0.0,0.0,0.0,0.0,94789,0.3733896564600448,0.6266103435399552,-21700,21700,0.25322068707991036,-0.25322068707991036,R,Safe,0,0,0,0,0,0,0.0,No,,-0.00% toward Republicans,Polk,"Updated at August 20th, 2026 at 4:06am"
"Updated at August 20th, 2026 at 4:06am",Putnam,PUT,2979,8769,48,462,35,0.0,0.0,0.0,0.0,0.0,0.0,0.0,0.0,0.0,0.0,0.0,0.0,12293,0.2535750766087845,0.7464249233912156,-5790,5790,0.4928498467824311,-0.4928498467824311,R,Safe,0,0,0,0,0,0,0.0,No,,No change,Putnam,"Updated at August 20th, 2026 at 4:06am"
"Updated at August 20th, 2026 at 4:06am",Santa Rosa,SAN,4735,25320,240,1738,102,0.0,0.0,0.0,0.0,0.0,0.0,0.0,0.0,0.0,0.0,0.0,0.0,32135,0.15754450174679754,0.8424554982532024,-20585,20585,0.6849109965064049,-0.6849109965064049,R,Safe,0,0,0,0,0,0,0.0,No,,No change,Santa Rosa,"Updated at August 20th, 2026 at 4:06am"
"Updated at August 20th, 2026 at 4:06am",Sarasota,SAR,44708,83601,1914,15950,450,0.0,0.0,0.0,0.0,0.0,0.0,0.0,0.0,0.0,0.0,0.0,0.0,146623,0.3484400938359741,0.6515599061640259,-38893,38893,0.30311981232805185,-0.30311981232805185,R,Safe,0,0,0,0,0,0,0.0,No,,-0.00% toward Republicans,Sarasota,"Updated at August 20th, 2026 at 4:06am"
"Updated at August 20th, 2026 at 4:06am",Seminole,SEM,30626,36856,849,8949,280,0.0,0.0,0.0,0.0,0.0,0.0,0.0,0.0,0.0,0.0,0.0,0.0,77560,0.45383954239649094,0.5461604576035091,-6230,6230,0.09232091520701813,-0.09232091520701813,R,Likely,0,0,0,0,0,0,0.0,No,,-0.00% toward Republicans,Seminole,"Updated at August 20th, 2026 at 4:06am"
"Updated at August 20th, 2026 at 4:06am",St. Johns,STJ,16672,43145,493,4652,185,0.0,0.0,0.0,0.0,0.0,0.0,0.0,0.0,0.0,0.0,0.0,0.0,65147,0.27871675276259256,0.7212832472374074,-26473,26473,0.4425664944748149,-0.4425664944748149,R,Safe,0,0,0,0,0,0,0.0,No,,No change,St. Johns,"Updated at August 20th, 2026 at 4:06am"
"Updated at August 20th, 2026 at 4:06am",St. Lucie,STL,22676,28175,819,6182,213,0.0,0.0,0.0,0.0,0.0,0.0,0.0,0.0,0.0,0.0,0.0,0.0,58065,0.4459302668580756,0.5540697331419244,-5499,5499,0.10813946628384885,-0.10813946628384885,R,Likely,0,0,0,0,0,0,0.0,No,,-0.00% toward Republicans,St. Lucie,"Updated at August 20th, 2026 at 4:06am"
"Updated at August 20th, 2026 at 4:06am",Sumter,SUM,9860,32534,358,3036,79,0.0,0.0,0.0,0.0,0.0,0.0,0.0,0.0,0.0,0.0,0.0,0.0,45867,0.2325800820870878,0.7674199179129122,-22674,22674,0.5348398358258244,-0.5348398358258244,R,Safe,0,0,0,0,0,0,0.0,No,,No change,Sumter,"Updated at August 20th, 2026 at 4:06am"
"Updated at August 20th, 2026 at 4:06am",Suwannee,SUW,1458,6473,23,167,15,0.0,0.0,0.0,0.0,0.0,0.0,0.0,0.0,0.0,0.0,0.0,0.0,8136,0.1838355818938343,0.8161644181061657,-5015,5015,0.6323288362123314,-0.6323288362123314,R,Safe,0,0,0,0,0,0,0.0,No,,No change,Suwannee,"Updated at August 20th, 2026 at 4:06am"
"Updated at August 20th, 2026 at 4:06am",Taylor,TAY,736,2860,9,41,4,0.0,0.0,0.0,0.0,0.0,0.0,0.0,0.0,0.0,0.0,0.0,0.0,3650,0.20467185761957732,0.7953281423804227,-2124,2124,0.5906562847608454,-0.5906562847608454,R,Safe,0,0,0,0,0,0,0.0,No,,No change,Taylor,"Updated at August 20th, 2026 at 4:06am"
"Updated at August 20th, 2026 at 4:06am",Union,UNI,365,1968,12,56,7,0.0,0.0,0.0,0.0,0.0,0.0,0.0,0.0,0.0,0.0,0.0,0.0,2408,0.1564509215602229,0.8435490784397771,-1603,1603,0.6870981568795542,-0.6870981568795542,R,Safe,0,0,0,0,0,0,0.0,No,,No change,Union,"Updated at August 20th, 2026 at 4:06am"
"Updated at August 20th, 2026 at 4:06am",Volusia,VOL,34785,58523,1546,13412,425,0.0,0.0,0.0,0.0,0.0,0.0,0.0,0.0,0.0,0.0,0.0,0.0,108691,0.37279761649590604,0.627202383504094,-23738,23738,0.2544047670081879,-0.2544047670081879,R,Safe,0,0,0,0,0,0,0.0,No,,No change,Volusia,"Updated at August 20th, 2026 at 4:06am"
"Updated at August 20th, 2026 at 4:06am",Wakulla,WAK,2016,5203,53,383,27,0.0,0.0,0.0,0.0,0.0,0.0,0.0,0.0,0.0,0.0,0.0,0.0,7682,0.2792630558249065,0.7207369441750935,-3187,3187,0.44147388835018697,-0.44147388835018697,R,Safe,0,0,0,0,0,0,0.0,No,,-0.00% toward Republicans,Wakulla,"Updated at August 20th, 2026 at 4:06am"
"Updated at August 20th, 2026 at 4:06am",Walton,WAL,1895,13765,86,632,56,0.0,0.0,0.0,0.0,0.0,0.0,0.0,0.0,0.0,0.0,0.0,0.0,16434,0.12100893997445722,0.8789910600255428,-11870,11870,0.7579821200510857,-0.7579821200510857,R,Safe,0,0,0,0,0,0,0.0,No,,No change,Walton,"Updated at August 20th, 2026 at 4:06am"
"Updated at August 20th, 2026 at 4:06am",Washington,WAS,918,4438,25,189,13,0.0,0.0,0.0,0.0,0.0,0.0,0.0,0.0,0.0,0.0,0.0,0.0,5583,0.1713965646004481,0.828603435399552,-3520,3520,0.6572068707991039,-0.6572068707991039,R,Safe,0,0,0,0,0,0,0.0,No,,No change,Washington,"Updated at August 20th, 2026 at 4:06am"
